molecule,gene,start,end,strand,orientation
8054,8054_1,79,855,+,
8054,8054_2,902,1042,-,
8054,8054_3,1309,2739,+,
8054,8054_4,2767,4077,+,
8054,8054_5,4140,5492,+,
8054,8054_6,5551,6933,+,
8054,8054_7,6965,8368,+,
8054,8054_8,8433,9068,-,
8054,8054_9,9019,9450,-,
8054,8054_10,9456,9635,+,
8054,8054_11,9767,11038,+,
8054,8054_12,11133,12029,+,
8054,8054_13,12150,12599,+,
8054,8054_14,12590,13270,+,
8054,8054_15,13218,13898,+,
8054,8054_16,13931,14977,-,
8054,8054_17,14995,15165,+,
8054,8054_18,15176,15844,-,
8054,8054_19,16204,18348,-,
8054,8054_20,18388,19659,+,
8054,8054_21,19681,20286,-,
8054,8054_22,20283,23006,-,
8054,8054_23,23025,23663,-,
8054,8054_24,23745,23996,-,
8054,8054_25,24000,24365,-,
8054,8054_26,24406,25788,-,
8054,8054_27,25822,27651,-,
8054,8054_28,27608,28615,-,
8054,8054_29,28605,28763,+,
8054,8054_30,28773,28916,+,
8054,8054_31,28996,30429,+,
8054,8054_32,30462,33665,+,
8054,8054_33,33371,34723,+,
8054,8054_34,34753,35865,-,
8054,8054_35,35911,36312,-,
8054,8054_36,36311,37285,+,
8158,8158_1,88,864,+,
8158,8158_2,911,1051,-,
8158,8158_3,1318,2748,+,
8158,8158_4,2776,4086,+,
8158,8158_5,4149,5501,+,
8158,8158_6,5560,6942,+,
8158,8158_7,6974,8377,+,
8158,8158_8,8442,9077,-,
8158,8158_9,9028,9459,-,
8158,8158_10,9465,9644,+,
8158,8158_11,9776,11047,+,
8158,8158_12,11142,12038,+,
8158,8158_13,12159,12608,+,
8158,8158_14,12599,13279,+,
8158,8158_15,13227,13907,+,
8158,8158_16,13940,14986,-,
8158,8158_17,15004,15174,+,
8158,8158_18,15185,15853,-,
8158,8158_19,16213,18357,-,
8158,8158_20,18397,19668,+,
8158,8158_21,19690,20295,-,
8158,8158_22,20292,23015,-,
8158,8158_23,23034,23672,-,
8158,8158_24,23754,24005,-,
8158,8158_25,24009,24374,-,
8158,8158_26,24415,25797,-,
8158,8158_27,25831,27660,-,
8158,8158_28,27617,28624,-,
8158,8158_29,28614,28772,+,
8158,8158_30,28782,28925,+,
8158,8158_31,29005,30438,+,
8158,8158_32,30471,33674,+,
8158,8158_33,33380,34732,+,
8158,8158_34,34762,35874,-,
8158,8158_35,35920,36321,-,
8158,8158_36,36320,37294,+,
agile_wallaby,agile_wallaby_1,424,825,-,
agile_wallaby,agile_wallaby_2,825,1856,-,
agile_wallaby,agile_wallaby_3,1907,2302,+,
agile_wallaby,agile_wallaby_4,2348,3655,+,
agile_wallaby,agile_wallaby_5,3685,4587,-,
agile_wallaby,agile_wallaby_6,4761,8003,-,
agile_wallaby,agile_wallaby_7,7982,9754,-,
agile_wallaby,agile_wallaby_8,9815,10801,+,
agile_wallaby,agile_wallaby_9,10777,12543,+,
agile_wallaby,agile_wallaby_10,12601,13947,+,
agile_wallaby,agile_wallaby_11,13998,14342,+,
agile_wallaby,agile_wallaby_12,14575,15243,+,
agile_wallaby,agile_wallaby_13,15272,18001,+,
agile_wallaby,agile_wallaby_14,17998,18603,+,
agile_wallaby,agile_wallaby_15,18622,19725,-,
agile_wallaby,agile_wallaby_16,19633,21711,+,
agile_wallaby,agile_wallaby_17,22078,22857,+,
agile_wallaby,agile_wallaby_18,22865,23029,-,
agile_wallaby,agile_wallaby_19,23038,23928,+,
agile_wallaby,agile_wallaby_20,24032,25585,+,
agile_wallaby,agile_wallaby_21,25606,26241,-,
agile_wallaby,agile_wallaby_22,26245,26946,-,
agile_wallaby,agile_wallaby_23,26950,27390,-,
agile_wallaby,agile_wallaby_24,27381,27761,-,
agile_wallaby,agile_wallaby_25,27903,28508,-,
agile_wallaby,agile_wallaby_26,28548,28799,+,
agile_wallaby,agile_wallaby_27,29226,29597,-,
agile_wallaby,agile_wallaby_28,29877,30077,-,
agile_wallaby,agile_wallaby_29,30336,30701,+,
agile_wallaby,agile_wallaby_30,30905,31276,-,
aviadenovirus_bubonis,aviadenovirus_bubonis_1,543,773,-,
aviadenovirus_bubonis,aviadenovirus_bubonis_2,696,1253,+,
aviadenovirus_bubonis,aviadenovirus_bubonis_3,1302,1739,+,
aviadenovirus_bubonis,aviadenovirus_bubonis_4,1927,2103,+,
aviadenovirus_bubonis,aviadenovirus_bubonis_5,2329,3147,+,
aviadenovirus_bubonis,aviadenovirus_bubonis_6,3178,3735,-,
aviadenovirus_bubonis,aviadenovirus_bubonis_7,3777,4187,-,
aviadenovirus_bubonis,aviadenovirus_bubonis_8,4318,5100,-,
aviadenovirus_bubonis,aviadenovirus_bubonis_9,5123,5770,-,
aviadenovirus_bubonis,aviadenovirus_bubonis_10,5991,7187,-,
aviadenovirus_bubonis,aviadenovirus_bubonis_11,7174,10932,-,
aviadenovirus_bubonis,aviadenovirus_bubonis_12,10847,12556,-,
aviadenovirus_bubonis,aviadenovirus_bubonis_13,12602,12757,+,
aviadenovirus_bubonis,aviadenovirus_bubonis_14,12757,13923,+,
aviadenovirus_bubonis,aviadenovirus_bubonis_15,13910,15682,+,
aviadenovirus_bubonis,aviadenovirus_bubonis_16,15730,17325,+,
aviadenovirus_bubonis,aviadenovirus_bubonis_17,17766,18290,+,
aviadenovirus_bubonis,aviadenovirus_bubonis_18,18389,19042,+,
aviadenovirus_bubonis,aviadenovirus_bubonis_19,19120,21954,+,
aviadenovirus_bubonis,aviadenovirus_bubonis_20,21959,22582,+,
aviadenovirus_bubonis,aviadenovirus_bubonis_21,22675,24048,-,
aviadenovirus_bubonis,aviadenovirus_bubonis_22,24028,24399,+,
aviadenovirus_bubonis,aviadenovirus_bubonis_23,24547,27723,+,
aviadenovirus_bubonis,aviadenovirus_bubonis_24,28259,28999,+,
aviadenovirus_bubonis,aviadenovirus_bubonis_25,28974,29243,+,
aviadenovirus_bubonis,aviadenovirus_bubonis_26,29228,30511,+,
aviadenovirus_bubonis,aviadenovirus_bubonis_27,30524,32422,+,
aviadenovirus_bubonis,aviadenovirus_bubonis_28,32531,33097,-,
aviadenovirus_bubonis,aviadenovirus_bubonis_29,33100,33468,-,
aviadenovirus_bubonis,aviadenovirus_bubonis_30,33505,34458,-,
aviadenovirus_bubonis,aviadenovirus_bubonis_31,34633,34893,-,
aviadenovirus_bubonis,aviadenovirus_bubonis_32,35218,35589,-,
aviadenovirus_bubonis,aviadenovirus_bubonis_33,35664,37013,-,
aviadenovirus_bubonis,aviadenovirus_bubonis_34,38281,39156,+,
aviadenovirus_bubonis,aviadenovirus_bubonis_35,39266,39889,-,
aviadenovirus_bubonis,aviadenovirus_bubonis_36,40152,40376,+,
avian_adv,avian_adv_1,251,1111,-,
avian_adv,avian_adv_2,1175,1651,+,
avian_adv,avian_adv_3,1234,1656,-,
avian_adv,avian_adv_4,1676,2857,+,
avian_adv,avian_adv_5,2907,4112,-,
avian_adv,avian_adv_6,3980,7219,-,
avian_adv,avian_adv_7,7198,8943,-,
avian_adv,avian_adv_8,9035,10051,+,
avian_adv,avian_adv_9,10017,11744,+,
avian_adv,avian_adv_10,11774,13132,+,
avian_adv,avian_adv_11,13182,13664,+,
avian_adv,avian_adv_12,13942,14634,+,
avian_adv,avian_adv_13,14656,17388,+,
avian_adv,avian_adv_14,17385,17993,+,
avian_adv,avian_adv_15,18005,19168,-,
avian_adv,avian_adv_16,19217,21346,+,
avian_adv,avian_adv_17,21687,22439,+,
avian_adv,avian_adv_18,22503,22667,-,
avian_adv,avian_adv_19,22685,24619,+,
avian_adv,avian_adv_20,24678,25565,-,
avian_adv,avian_adv_21,25513,26241,-,
avian_adv,avian_adv_22,26241,26429,-,
avian_adv,avian_adv_23,26459,26677,-,
avian_adv,avian_adv_24,26883,27152,-,
avian_adv,avian_adv_25,27133,27636,-,
avian_adv,avian_adv_26,27714,28226,-,
avian_adv,avian_adv_27,28349,28807,+,
avian_adv,avian_adv_28,28845,29159,+,
avian_adv,avian_adv_29,29144,29521,+,
avian_adv,avian_adv_30,29824,30402,+,
avian_adv,avian_adv_31,30465,30695,+,
avian_adv,avian_adv_32,30814,31854,-,
avian_adv,avian_adv_33,31936,32397,-,
avian_adv,avian_adv_34,32614,32985,-,
barthadenovirus_caerulei,barthadenovirus_caerulei_1,214,741,+,
barthadenovirus_caerulei,barthadenovirus_caerulei_2,738,1244,-,
barthadenovirus_caerulei,barthadenovirus_caerulei_3,1210,1572,+,
barthadenovirus_caerulei,barthadenovirus_caerulei_4,1808,5038,-,
barthadenovirus_caerulei,barthadenovirus_caerulei_5,5011,6876,-,
barthadenovirus_caerulei,barthadenovirus_caerulei_6,6905,7885,+,
barthadenovirus_caerulei,barthadenovirus_caerulei_7,7885,9561,+,
barthadenovirus_caerulei,barthadenovirus_caerulei_8,9593,10945,+,
barthadenovirus_caerulei,barthadenovirus_caerulei_9,10989,11462,+,
barthadenovirus_caerulei,barthadenovirus_caerulei_10,11413,11652,-,
barthadenovirus_caerulei,barthadenovirus_caerulei_11,11728,12363,+,
barthadenovirus_caerulei,barthadenovirus_caerulei_12,12384,15125,+,
barthadenovirus_caerulei,barthadenovirus_caerulei_13,15122,15730,+,
barthadenovirus_caerulei,barthadenovirus_caerulei_14,15736,16872,-,
barthadenovirus_caerulei,barthadenovirus_caerulei_15,16909,18876,+,
barthadenovirus_caerulei,barthadenovirus_caerulei_16,19206,19961,+,
barthadenovirus_caerulei,barthadenovirus_caerulei_17,19971,20135,-,
barthadenovirus_caerulei,barthadenovirus_caerulei_18,20134,21264,+,
barthadenovirus_caerulei,barthadenovirus_caerulei_19,21313,22737,+,
barthadenovirus_caerulei,barthadenovirus_caerulei_20,22744,23574,-,
barthadenovirus_caerulei,barthadenovirus_caerulei_21,23574,24257,-,
barthadenovirus_caerulei,barthadenovirus_caerulei_22,24273,24782,-,
barthadenovirus_caerulei,barthadenovirus_caerulei_23,25152,25595,-,
barthadenovirus_caerulei,barthadenovirus_caerulei_24,25423,25995,+,
barthadenovirus_caerulei,barthadenovirus_caerulei_25,26107,26328,+,
barthadenovirus_caerulei,barthadenovirus_caerulei_26,26587,26796,+,
barthadenovirus_caerulei,barthadenovirus_caerulei_27,26991,27368,-,
barthadenovirus_caerulei,barthadenovirus_caerulei_28,27446,27685,+,
barthadenovirus_caerulei,barthadenovirus_caerulei_29,27754,28329,-,
barthadenovirus_caerulei,barthadenovirus_caerulei_30,28347,29075,-,
barthadenovirus_caerulei,barthadenovirus_caerulei_31,29126,29857,-,
barthadenovirus_caerulei,barthadenovirus_caerulei_32,29943,30086,+,
barthadenovirus_gerygones,barthadenovirus_gerygones_1,318,554,-,
barthadenovirus_gerygones,barthadenovirus_gerygones_2,621,857,-,
barthadenovirus_gerygones,barthadenovirus_gerygones_3,1628,3010,-,
barthadenovirus_gerygones,barthadenovirus_gerygones_4,2707,5826,-,
barthadenovirus_gerygones,barthadenovirus_gerygones_5,5973,7427,-,
barthadenovirus_gerygones,barthadenovirus_gerygones_6,7671,8675,+,
barthadenovirus_gerygones,barthadenovirus_gerygones_7,8659,10215,+,
barthadenovirus_gerygones,barthadenovirus_gerygones_8,10360,11733,+,
barthadenovirus_gerygones,barthadenovirus_gerygones_9,11740,12078,+,
barthadenovirus_gerygones,barthadenovirus_gerygones_10,12315,13052,+,
barthadenovirus_gerygones,barthadenovirus_gerygones_11,13071,15788,+,
barthadenovirus_gerygones,barthadenovirus_gerygones_12,15791,16408,+,
barthadenovirus_gerygones,barthadenovirus_gerygones_13,16471,17682,-,
barthadenovirus_gerygones,barthadenovirus_gerygones_14,17701,19560,+,
barthadenovirus_gerygones,barthadenovirus_gerygones_15,20107,20721,+,
barthadenovirus_gerygones,barthadenovirus_gerygones_16,20830,22689,+,
barthadenovirus_gerygones,barthadenovirus_gerygones_17,22738,23694,-,
barthadenovirus_gerygones,barthadenovirus_gerygones_18,23794,24435,-,
barthadenovirus_gerygones,barthadenovirus_gerygones_19,24344,25090,-,
barthadenovirus_gerygones,barthadenovirus_gerygones_20,25090,25542,-,
barthadenovirus_gerygones,barthadenovirus_gerygones_21,25906,26112,-,
barthadenovirus_gerygones,barthadenovirus_gerygones_22,26112,26300,-,
barthadenovirus_gerygones,barthadenovirus_gerygones_23,26436,26732,-,
barthadenovirus_gerygones,barthadenovirus_gerygones_24,26755,26937,-,
barthadenovirus_gerygones,barthadenovirus_gerygones_25,27013,27378,+,
barthadenovirus_gerygones,barthadenovirus_gerygones_26,27403,27897,+,
barthadenovirus_inornati,barthadenovirus_inornati_1,846,1520,+,
barthadenovirus_inornati,barthadenovirus_inornati_2,1586,2782,+,
barthadenovirus_inornati,barthadenovirus_inornati_3,2815,4314,-,
barthadenovirus_inornati,barthadenovirus_inornati_4,3897,7313,-,
barthadenovirus_inornati,barthadenovirus_inornati_5,7175,8677,-,
barthadenovirus_inornati,barthadenovirus_inornati_6,9071,10078,+,
barthadenovirus_inornati,barthadenovirus_inornati_7,10092,11627,+,
barthadenovirus_inornati,barthadenovirus_inornati_8,11929,13302,+,
barthadenovirus_inornati,barthadenovirus_inornati_9,13327,13674,+,
barthadenovirus_inornati,barthadenovirus_inornati_10,13926,14573,+,
barthadenovirus_inornati,barthadenovirus_inornati_11,14583,17279,+,
barthadenovirus_inornati,barthadenovirus_inornati_12,17237,18352,-,
barthadenovirus_inornati,barthadenovirus_inornati_13,17276,17917,+,
barthadenovirus_inornati,barthadenovirus_inornati_14,17935,19293,-,
barthadenovirus_inornati,barthadenovirus_inornati_15,19362,21344,+,
barthadenovirus_inornati,barthadenovirus_inornati_16,21843,22535,+,
barthadenovirus_inornati,barthadenovirus_inornati_17,22293,22769,-,
barthadenovirus_inornati,barthadenovirus_inornati_18,22768,24051,+,
barthadenovirus_inornati,barthadenovirus_inornati_19,24072,24935,+,
barthadenovirus_inornati,barthadenovirus_inornati_20,24946,25875,+,
barthadenovirus_inornati,barthadenovirus_inornati_21,25872,27428,+,
barthadenovirus_inornati,barthadenovirus_inornati_22,27412,28011,-,
barthadenovirus_inornati,barthadenovirus_inornati_23,27950,28867,-,
barthadenovirus_inornati,barthadenovirus_inornati_24,28812,29513,-,
barthadenovirus_inornati,barthadenovirus_inornati_25,29513,29950,-,
barthadenovirus_inornati,barthadenovirus_inornati_26,30348,30920,+,
barthadenovirus_inornati,barthadenovirus_inornati_27,31406,32044,-,
barthadenovirus_inornati,barthadenovirus_inornati_28,31926,32312,+,
barthadenovirus_schwarzi,barthadenovirus_schwarzi_1,608,796,+,
barthadenovirus_schwarzi,barthadenovirus_schwarzi_2,894,4271,-,
barthadenovirus_schwarzi,barthadenovirus_schwarzi_3,4136,5557,-,
barthadenovirus_schwarzi,barthadenovirus_schwarzi_4,5628,5954,-,
barthadenovirus_schwarzi,barthadenovirus_schwarzi_5,5941,6918,+,
barthadenovirus_schwarzi,barthadenovirus_schwarzi_6,6921,8414,+,
barthadenovirus_schwarzi,barthadenovirus_schwarzi_7,8631,10004,+,
barthadenovirus_schwarzi,barthadenovirus_schwarzi_8,10006,10344,+,
barthadenovirus_schwarzi,barthadenovirus_schwarzi_9,10609,11271,+,
barthadenovirus_schwarzi,barthadenovirus_schwarzi_10,11277,13997,+,
barthadenovirus_schwarzi,barthadenovirus_schwarzi_11,13994,14611,+,
barthadenovirus_schwarzi,barthadenovirus_schwarzi_12,14645,15925,-,
barthadenovirus_schwarzi,barthadenovirus_schwarzi_13,15982,17877,+,
barthadenovirus_schwarzi,barthadenovirus_schwarzi_14,18313,18975,+,
barthadenovirus_schwarzi,barthadenovirus_schwarzi_15,18983,19186,-,
barthadenovirus_schwarzi,barthadenovirus_schwarzi_16,18996,19148,+,
barthadenovirus_schwarzi,barthadenovirus_schwarzi_17,19185,20435,+,
barthadenovirus_schwarzi,barthadenovirus_schwarzi_18,20435,21322,+,
barthadenovirus_schwarzi,barthadenovirus_schwarzi_19,21376,26379,+,
barthadenovirus_schwarzi,barthadenovirus_schwarzi_20,26342,27154,-,
barthadenovirus_schwarzi,barthadenovirus_schwarzi_21,27054,27785,-,
barthadenovirus_schwarzi,barthadenovirus_schwarzi_22,27739,28431,-,
barthadenovirus_schwarzi,barthadenovirus_schwarzi_23,28431,29132,-,
barthadenovirus_schwarzi,barthadenovirus_schwarzi_24,29350,29991,+,
barthadenovirus_schwarzi,barthadenovirus_schwarzi_25,30255,30563,+,
barthadenovirus_schwarzi,barthadenovirus_schwarzi_26,30553,30726,-,
barthadenovirus_schwarzi,barthadenovirus_schwarzi_27,31025,31219,-,
barthadenovirus_schwarzi,barthadenovirus_schwarzi_28,31302,31967,-,
barthadenovirus_schwarzi,barthadenovirus_schwarzi_29,32139,32510,-,
barthadenovirus_varani,barthadenovirus_varani_1,404,988,+,
barthadenovirus_varani,barthadenovirus_varani_2,734,1750,-,
barthadenovirus_varani,barthadenovirus_varani_3,1788,2225,+,
barthadenovirus_varani,barthadenovirus_varani_4,1957,2562,-,
barthadenovirus_varani,barthadenovirus_varani_5,2222,3508,+,
barthadenovirus_varani,barthadenovirus_varani_6,3545,4861,-,
barthadenovirus_varani,barthadenovirus_varani_7,4600,7794,-,
barthadenovirus_varani,barthadenovirus_varani_8,7719,9575,-,
barthadenovirus_varani,barthadenovirus_varani_9,9609,10649,+,
barthadenovirus_varani,barthadenovirus_varani_10,10600,12417,+,
barthadenovirus_varani,barthadenovirus_varani_11,12444,13793,+,
barthadenovirus_varani,barthadenovirus_varani_12,13838,14323,+,
barthadenovirus_varani,barthadenovirus_varani_13,14351,14599,+,
barthadenovirus_varani,barthadenovirus_varani_14,14629,15333,+,
barthadenovirus_varani,barthadenovirus_varani_15,15356,18106,+,
barthadenovirus_varani,barthadenovirus_varani_16,18103,18705,+,
barthadenovirus_varani,barthadenovirus_varani_17,18717,19991,-,
barthadenovirus_varani,barthadenovirus_varani_18,19795,22464,+,
barthadenovirus_varani,barthadenovirus_varani_19,22807,23625,+,
barthadenovirus_varani,barthadenovirus_varani_20,23655,23843,-,
barthadenovirus_varani,barthadenovirus_varani_21,23852,25561,+,
barthadenovirus_varani,barthadenovirus_varani_22,25604,26134,-,
barthadenovirus_varani,barthadenovirus_varani_23,26124,26678,-,
barthadenovirus_varani,barthadenovirus_varani_24,26727,26999,-,
barthadenovirus_varani,barthadenovirus_varani_25,26996,28315,-,
barthadenovirus_varani,barthadenovirus_varani_26,28641,29195,-,
barthadenovirus_varani,barthadenovirus_varani_27,29212,29877,-,
barthadenovirus_varani,barthadenovirus_varani_28,30278,30625,-,
barthadenovirus_varani,barthadenovirus_varani_29,30625,31053,-,
barthadenovirus_varani,barthadenovirus_varani_30,31053,31448,-,
barthadenovirus_varani,barthadenovirus_varani_31,31475,31855,+,
barthadenovirus_varani,barthadenovirus_varani_32,31683,32021,+,
barthadenovirus_varani,barthadenovirus_varani_33,31891,32394,+,
barthadenovirus_varani,barthadenovirus_varani_34,32288,33499,+,
barthadenovirus_varani,barthadenovirus_varani_35,33541,34257,-,
barthadenovirus_varani,barthadenovirus_varani_36,34340,36481,-,
barthadenovirus_varani,barthadenovirus_varani_37,36893,37333,+,
barthadenovirus_zootocae,barthadenovirus_zootocae_1,241,1281,-,
barthadenovirus_zootocae,barthadenovirus_zootocae_2,1314,1685,+,
barthadenovirus_zootocae,barthadenovirus_zootocae_3,1747,2865,+,
barthadenovirus_zootocae,barthadenovirus_zootocae_4,2730,3590,-,
barthadenovirus_zootocae,barthadenovirus_zootocae_5,3959,7243,-,
barthadenovirus_zootocae,barthadenovirus_zootocae_6,7183,8997,-,
barthadenovirus_zootocae,barthadenovirus_zootocae_7,9082,10113,+,
barthadenovirus_zootocae,barthadenovirus_zootocae_8,10092,11963,+,
barthadenovirus_zootocae,barthadenovirus_zootocae_9,12002,13351,+,
barthadenovirus_zootocae,barthadenovirus_zootocae_10,13393,13875,+,
barthadenovirus_zootocae,barthadenovirus_zootocae_11,13929,14222,+,
barthadenovirus_zootocae,barthadenovirus_zootocae_12,14300,14974,+,
barthadenovirus_zootocae,barthadenovirus_zootocae_13,15007,17751,+,
barthadenovirus_zootocae,barthadenovirus_zootocae_14,17748,18350,+,
barthadenovirus_zootocae,barthadenovirus_zootocae_15,18368,19645,-,
barthadenovirus_zootocae,barthadenovirus_zootocae_16,19706,21949,+,
barthadenovirus_zootocae,barthadenovirus_zootocae_17,22196,22999,+,
barthadenovirus_zootocae,barthadenovirus_zootocae_18,23011,23178,-,
barthadenovirus_zootocae,barthadenovirus_zootocae_19,23200,24390,+,
barthadenovirus_zootocae,barthadenovirus_zootocae_20,24408,25019,-,
barthadenovirus_zootocae,barthadenovirus_zootocae_21,25040,25723,-,
barthadenovirus_zootocae,barthadenovirus_zootocae_22,25726,26292,-,
barthadenovirus_zootocae,barthadenovirus_zootocae_23,26267,26551,-,
barthadenovirus_zootocae,barthadenovirus_zootocae_24,26551,27498,-,
barthadenovirus_zootocae,barthadenovirus_zootocae_25,27497,28084,+,
barthadenovirus_zootocae,barthadenovirus_zootocae_26,28154,28525,+,
barthadenovirus_zootocae,barthadenovirus_zootocae_27,28542,29843,-,
barthadenovirus_zootocae,barthadenovirus_zootocae_28,29852,29986,+,
barthadenovirus_zootocae,barthadenovirus_zootocae_29,29909,30067,-,
barthadenovirus_zootocae,barthadenovirus_zootocae_30,30352,31740,-,
barthadenovirus_zootocae,barthadenovirus_zootocae_31,31925,32188,+,
barthadenovirus_zootocae,barthadenovirus_zootocae_32,31967,32194,-,
barthadenovirus_zootocae,barthadenovirus_zootocae_33,32300,32785,-,
barthadenovirus_zootocae,barthadenovirus_zootocae_34,32731,33111,+,
barthadenovirus_zootocae,barthadenovirus_zootocae_35,33028,33357,-,
barthadenovirus_zootocae,barthadenovirus_zootocae_36,33777,34346,-,
barthadenovirus_zootocae,barthadenovirus_zootocae_37,34621,34863,+,
bat_adv_2,bat_adv_2_1,490,1065,+,
bat_adv_2,bat_adv_2_2,1145,1522,+,
bat_adv_2,bat_adv_2_3,1474,2016,+,
bat_adv_2,bat_adv_2_4,1836,3170,+,
bat_adv_2,bat_adv_2_5,3237,3548,+,
bat_adv_2,bat_adv_2_6,3545,4762,-,
bat_adv_2,bat_adv_2_7,4654,7851,-,
bat_adv_2,bat_adv_2_8,7917,9782,-,
bat_adv_2,bat_adv_2_9,9777,10970,+,
bat_adv_2,bat_adv_2_10,10843,12591,+,
bat_adv_2,bat_adv_2_11,12660,14093,+,
bat_adv_2,bat_adv_2_12,14125,14508,+,
bat_adv_2,bat_adv_2_13,14582,15895,+,
bat_adv_2,bat_adv_2_14,15852,16133,+,
bat_adv_2,bat_adv_2_15,16186,16932,+,
bat_adv_2,bat_adv_2_16,17000,19723,+,
bat_adv_2,bat_adv_2_17,19735,20355,+,
bat_adv_2,bat_adv_2_18,20399,21784,-,
bat_adv_2,bat_adv_2_19,21796,23895,+,
bat_adv_2,bat_adv_2_20,24405,25094,+,
bat_adv_2,bat_adv_2_21,25081,25431,+,
bat_adv_2,bat_adv_2_22,25454,26626,+,
bat_adv_2,bat_adv_2_23,26654,26821,-,
bat_adv_2,bat_adv_2_24,26820,28493,+,
bat_adv_2,bat_adv_2_25,28508,28747,-,
bat_adv_2,bat_adv_2_26,28748,29533,-,
bat_adv_2,bat_adv_2_27,29534,29986,-,
bat_adv_2,bat_adv_2_28,29862,30275,-,
bat_adv_2,bat_adv_2_29,30302,30661,-,
bat_adv_2,bat_adv_2_30,30746,31141,-,
bat_adv_2,bat_adv_2_31,31119,31364,+,
bearded_dragon_adv_1,bearded_dragon_adv_1_1,365,1333,-,
bearded_dragon_adv_1,bearded_dragon_adv_1_2,1376,1744,+,
bearded_dragon_adv_1,bearded_dragon_adv_1_3,1717,2175,+,
bearded_dragon_adv_1,bearded_dragon_adv_1_4,2203,3288,+,
bearded_dragon_adv_1,bearded_dragon_adv_1_5,3307,4659,-,
bearded_dragon_adv_1,bearded_dragon_adv_1_6,4368,7160,-,
bearded_dragon_adv_1,bearded_dragon_adv_1_7,7224,7553,+,
bearded_dragon_adv_1,bearded_dragon_adv_1_8,7673,9556,-,
bearded_dragon_adv_1,bearded_dragon_adv_1_9,9609,10634,+,
bearded_dragon_adv_1,bearded_dragon_adv_1_10,10625,12451,+,
bearded_dragon_adv_1,bearded_dragon_adv_1_11,12493,13908,+,
bearded_dragon_adv_1,bearded_dragon_adv_1_12,13959,14420,+,
bearded_dragon_adv_1,bearded_dragon_adv_1_13,14685,15335,+,
bearded_dragon_adv_1,bearded_dragon_adv_1_14,15298,18096,+,
bearded_dragon_adv_1,bearded_dragon_adv_1_15,18093,18710,+,
bearded_dragon_adv_1,bearded_dragon_adv_1_16,18742,20091,-,
bearded_dragon_adv_1,bearded_dragon_adv_1_17,20110,22545,+,
bearded_dragon_adv_1,bearded_dragon_adv_1_18,22916,23707,+,
bearded_dragon_adv_1,bearded_dragon_adv_1_19,23717,23902,-,
bearded_dragon_adv_1,bearded_dragon_adv_1_20,23920,25461,+,
bearded_dragon_adv_1,bearded_dragon_adv_1_21,25498,26040,-,
bearded_dragon_adv_1,bearded_dragon_adv_1_22,25975,26310,+,
bearded_dragon_adv_1,bearded_dragon_adv_1_23,26155,26838,-,
bearded_dragon_adv_1,bearded_dragon_adv_1_24,26846,27310,-,
bearded_dragon_adv_1,bearded_dragon_adv_1_25,27332,28072,-,
bearded_dragon_adv_1,bearded_dragon_adv_1_26,28154,28342,-,
bearded_dragon_adv_1,bearded_dragon_adv_1_27,28487,28948,+,
bearded_dragon_adv_1,bearded_dragon_adv_1_28,29270,29815,+,
bearded_dragon_adv_1,bearded_dragon_adv_1_29,29925,32351,+,
bearded_dragon_adv_1,bearded_dragon_adv_1_30,32393,32653,+,
bearded_dragon_adv_1,bearded_dragon_adv_1_31,32848,34944,-,
bovine_adv_7,bovine_adv_7_1,236,1156,-,
bovine_adv_7,bovine_adv_7_2,1198,1551,+,
bovine_adv_7,bovine_adv_7_3,1536,1910,+,
bovine_adv_7,bovine_adv_7_4,1912,3108,+,
bovine_adv_7,bovine_adv_7_5,3116,3631,-,
bovine_adv_7,bovine_adv_7_6,4195,7431,-,
bovine_adv_7,bovine_adv_7_7,7413,9224,-,
bovine_adv_7,bovine_adv_7_8,9147,10199,+,
bovine_adv_7,bovine_adv_7_9,10184,11896,+,
bovine_adv_7,bovine_adv_7_10,11938,13296,+,
bovine_adv_7,bovine_adv_7_11,13338,13673,+,
bovine_adv_7,bovine_adv_7_12,13695,13907,+,
bovine_adv_7,bovine_adv_7_13,13948,14583,+,
bovine_adv_7,bovine_adv_7_14,14546,17332,+,
bovine_adv_7,bovine_adv_7_15,17329,17937,+,
bovine_adv_7,bovine_adv_7_16,17941,19086,-,
bovine_adv_7,bovine_adv_7_17,19106,20992,+,
bovine_adv_7,bovine_adv_7_18,21400,22053,+,
bovine_adv_7,bovine_adv_7_19,22065,22229,-,
bovine_adv_7,bovine_adv_7_20,22237,23643,+,
bovine_adv_7,bovine_adv_7_21,23646,24299,-,
bovine_adv_7,bovine_adv_7_22,24299,24958,-,
bovine_adv_7,bovine_adv_7_23,24958,25389,-,
bovine_adv_7,bovine_adv_7_24,26920,27072,+,
bovine_adv_7,bovine_adv_7_25,27090,27692,-,
bovine_adv_7,bovine_adv_7_26,27695,28132,-,
bovine_adv_7,bovine_adv_7_27,28352,28834,-,
bovine_adv_7,bovine_adv_7_28,28861,29235,-,
bovine_adv_7,bovine_adv_7_29,29340,29936,-,
canine_adv_2,canine_adv_2_1,500,1024,+,
canine_adv_2,canine_adv_2_2,1115,1315,+,
canine_adv_2,canine_adv_2_3,1461,1970,+,
canine_adv_2,canine_adv_2_4,1823,3157,+,
canine_adv_2,canine_adv_2_5,3225,3536,+,
canine_adv_2,canine_adv_2_6,3551,4759,-,
canine_adv_2,canine_adv_2_7,4642,7575,-,
canine_adv_2,canine_adv_2_8,7613,7774,-,
canine_adv_2,canine_adv_2_9,7941,9632,-,
canine_adv_2,canine_adv_2_10,9598,10980,+,
canine_adv_2,canine_adv_2_11,10853,12556,+,
canine_adv_2,canine_adv_2_12,12607,14040,+,
canine_adv_2,canine_adv_2_13,13958,14476,+,
canine_adv_2,canine_adv_2_14,14541,15827,+,
canine_adv_2,canine_adv_2_15,16114,16863,+,
canine_adv_2,canine_adv_2_16,16936,19653,+,
canine_adv_2,canine_adv_2_17,19660,20280,+,
canine_adv_2,canine_adv_2_18,20322,21686,-,
canine_adv_2,canine_adv_2_19,21698,23767,+,
canine_adv_2,canine_adv_2_20,24259,24933,+,
canine_adv_2,canine_adv_2_21,24920,25279,+,
canine_adv_2,canine_adv_2_22,25317,26411,+,
canine_adv_2,canine_adv_2_23,26466,28220,+,
canine_adv_2,canine_adv_2_24,28461,29240,-,
canine_adv_2,canine_adv_2_25,29248,29622,-,
canine_adv_2,canine_adv_2_26,29627,29998,-,
canine_adv_2,canine_adv_2_27,30028,30432,-,
canine_adv_2,canine_adv_2_28,30464,30859,-,
chinstrap_penguin,chinstrap_penguin_1,425,622,+,
chinstrap_penguin,chinstrap_penguin_2,625,984,+,
chinstrap_penguin,chinstrap_penguin_3,1007,2107,-,
chinstrap_penguin,chinstrap_penguin_4,2097,5423,-,
chinstrap_penguin,chinstrap_penguin_5,5420,7279,-,
chinstrap_penguin,chinstrap_penguin_6,7228,8124,+,
chinstrap_penguin,chinstrap_penguin_7,8114,9655,+,
chinstrap_penguin,chinstrap_penguin_8,9677,11020,+,
chinstrap_penguin,chinstrap_penguin_9,11021,11419,+,
chinstrap_penguin,chinstrap_penguin_10,11615,12286,+,
chinstrap_penguin,chinstrap_penguin_11,12295,15057,+,
chinstrap_penguin,chinstrap_penguin_12,15057,15695,+,
chinstrap_penguin,chinstrap_penguin_13,15696,16730,-,
chinstrap_penguin,chinstrap_penguin_14,16951,18909,+,
chinstrap_penguin,chinstrap_penguin_15,19486,20118,+,
chinstrap_penguin,chinstrap_penguin_16,20000,20890,+,
chinstrap_penguin,chinstrap_penguin_17,20900,21160,-,
chinstrap_penguin,chinstrap_penguin_18,21167,22492,+,
chinstrap_penguin,chinstrap_penguin_19,22847,23518,+,
chinstrap_penguin,chinstrap_penguin_20,23552,24055,-,
chinstrap_penguin,chinstrap_penguin_21,24048,24335,-,
corella_adv_1,corella_adv_1_1,321,2003,+,
corella_adv_1,corella_adv_1_2,2379,3536,-,
corella_adv_1,corella_adv_1_3,3463,6795,-,
corella_adv_1,corella_adv_1_4,6792,8630,-,
corella_adv_1,corella_adv_1_5,8609,9514,+,
corella_adv_1,corella_adv_1_6,9504,11036,+,
corella_adv_1,corella_adv_1_7,11058,12404,+,
corella_adv_1,corella_adv_1_8,12960,13628,+,
corella_adv_1,corella_adv_1_9,13638,16373,+,
corella_adv_1,corella_adv_1_10,16373,16987,+,
corella_adv_1,corella_adv_1_11,17007,18017,-,
corella_adv_1,corella_adv_1_12,18235,20346,+,
corella_adv_1,corella_adv_1_13,20960,21556,+,
corella_adv_1,corella_adv_1_14,21360,22277,+,
corella_adv_1,corella_adv_1_15,22527,24500,+,
corella_adv_1,corella_adv_1_16,24654,24782,-,
corella_adv_1,corella_adv_1_17,25128,25844,+,
corella_adv_1,corella_adv_1_18,25878,26372,-,
corella_adv_1,corella_adv_1_19,26373,26777,-,
cormorant_aviadenovirus,cormorant_aviadenovirus_1,560,1279,-,
cormorant_aviadenovirus,cormorant_aviadenovirus_2,1498,1728,-,
cormorant_aviadenovirus,cormorant_aviadenovirus_3,1634,1894,+,
cormorant_aviadenovirus,cormorant_aviadenovirus_4,2374,2562,+,
cormorant_aviadenovirus,cormorant_aviadenovirus_5,2619,3107,+,
cormorant_aviadenovirus,cormorant_aviadenovirus_6,3274,4107,+,
cormorant_aviadenovirus,cormorant_aviadenovirus_7,4216,4749,-,
cormorant_aviadenovirus,cormorant_aviadenovirus_8,4935,5717,-,
cormorant_aviadenovirus,cormorant_aviadenovirus_9,5809,6684,-,
cormorant_aviadenovirus,cormorant_aviadenovirus_10,6662,7888,-,
cormorant_aviadenovirus,cormorant_aviadenovirus_11,7768,11523,-,
cormorant_aviadenovirus,cormorant_aviadenovirus_12,11520,13223,-,
cormorant_aviadenovirus,cormorant_aviadenovirus_13,13415,14557,+,
cormorant_aviadenovirus,cormorant_aviadenovirus_14,14544,16469,+,
cormorant_aviadenovirus,cormorant_aviadenovirus_15,16592,18112,+,
cormorant_aviadenovirus,cormorant_aviadenovirus_16,18704,18910,-,
cormorant_aviadenovirus,cormorant_aviadenovirus_17,18726,19235,+,
cormorant_aviadenovirus,cormorant_aviadenovirus_18,19287,19994,+,
cormorant_aviadenovirus,cormorant_aviadenovirus_19,20045,22873,+,
cormorant_aviadenovirus,cormorant_aviadenovirus_20,22886,23515,+,
cormorant_aviadenovirus,cormorant_aviadenovirus_21,23643,25154,-,
cormorant_aviadenovirus,cormorant_aviadenovirus_22,25018,28533,+,
cormorant_aviadenovirus,cormorant_aviadenovirus_23,28704,28997,+,
cormorant_aviadenovirus,cormorant_aviadenovirus_24,29023,29748,+,
cormorant_aviadenovirus,cormorant_aviadenovirus_25,30046,31884,+,
cormorant_aviadenovirus,cormorant_aviadenovirus_26,31946,33163,+,
cormorant_aviadenovirus,cormorant_aviadenovirus_27,33237,33929,-,
cormorant_aviadenovirus,cormorant_aviadenovirus_28,34454,35398,-,
cormorant_aviadenovirus,cormorant_aviadenovirus_29,35593,39150,-,
deer_adv_A,deer_adv_A_1,296,1435,+,
deer_adv_A,deer_adv_A_2,1474,2403,-,
deer_adv_A,deer_adv_A_3,2449,2841,+,
deer_adv_A,deer_adv_A_4,2860,3240,+,
deer_adv_A,deer_adv_A_5,3286,4431,+,
deer_adv_A,deer_adv_A_6,4475,5683,-,
deer_adv_A,deer_adv_A_7,5551,8778,-,
deer_adv_A,deer_adv_A_8,8760,10493,-,
deer_adv_A,deer_adv_A_9,10574,11587,+,
deer_adv_A,deer_adv_A_10,11572,13320,+,
deer_adv_A,deer_adv_A_11,13390,14742,+,
deer_adv_A,deer_adv_A_12,14786,15139,+,
deer_adv_A,deer_adv_A_13,15148,15375,+,
deer_adv_A,deer_adv_A_14,15404,16081,+,
deer_adv_A,deer_adv_A_15,16101,18833,+,
deer_adv_A,deer_adv_A_16,18830,19435,+,
deer_adv_A,deer_adv_A_17,19470,20627,-,
deer_adv_A,deer_adv_A_18,20651,22564,+,
deer_adv_A,deer_adv_A_19,22984,23664,+,
deer_adv_A,deer_adv_A_20,23685,23849,-,
deer_adv_A,deer_adv_A_21,23858,25279,+,
deer_adv_A,deer_adv_A_22,25257,25961,-,
deer_adv_A,deer_adv_A_23,25939,26598,-,
deer_adv_A,deer_adv_A_24,26598,27026,-,
deer_adv_A,deer_adv_A_25,28371,28994,-,
deer_adv_A,deer_adv_A_26,28997,29455,-,
deer_adv_A,deer_adv_A_27,29522,29818,-,
deer_adv_A,deer_adv_A_28,29802,30152,-,
deer_adv_A,deer_adv_A_29,30175,30378,+,
duck_adv_1,duck_adv_1_1,251,1111,-,
duck_adv_1,duck_adv_1_2,1175,1651,+,
duck_adv_1,duck_adv_1_3,1234,1656,-,
duck_adv_1,duck_adv_1_4,1676,2857,+,
duck_adv_1,duck_adv_1_5,2907,4112,-,
duck_adv_1,duck_adv_1_6,3980,7219,-,
duck_adv_1,duck_adv_1_7,7198,8943,-,
duck_adv_1,duck_adv_1_8,9035,10051,+,
duck_adv_1,duck_adv_1_9,10017,11744,+,
duck_adv_1,duck_adv_1_10,11774,13132,+,
duck_adv_1,duck_adv_1_11,13182,13664,+,
duck_adv_1,duck_adv_1_12,13942,14634,+,
duck_adv_1,duck_adv_1_13,14656,17388,+,
duck_adv_1,duck_adv_1_14,17385,17993,+,
duck_adv_1,duck_adv_1_15,18005,19168,-,
duck_adv_1,duck_adv_1_16,19217,21346,+,
duck_adv_1,duck_adv_1_17,21687,22439,+,
duck_adv_1,duck_adv_1_18,22503,22667,-,
duck_adv_1,duck_adv_1_19,22685,24619,+,
duck_adv_1,duck_adv_1_20,24678,25565,-,
duck_adv_1,duck_adv_1_21,25513,26241,-,
duck_adv_1,duck_adv_1_22,26241,26429,-,
duck_adv_1,duck_adv_1_23,26459,26677,-,
duck_adv_1,duck_adv_1_24,26883,27152,-,
duck_adv_1,duck_adv_1_25,27133,27636,-,
duck_adv_1,duck_adv_1_26,27714,28226,-,
duck_adv_1,duck_adv_1_27,28349,28807,+,
duck_adv_1,duck_adv_1_28,28845,29159,+,
duck_adv_1,duck_adv_1_29,29144,29521,+,
duck_adv_1,duck_adv_1_30,29824,30402,+,
duck_adv_1,duck_adv_1_31,30465,30695,+,
duck_adv_1,duck_adv_1_32,30814,31854,-,
duck_adv_1,duck_adv_1_33,31936,32397,-,
duck_adv_1,duck_adv_1_34,32614,32985,-,
falcon_aviadenovirus,falcon_aviadenovirus_1,238,1110,-,
falcon_aviadenovirus,falcon_aviadenovirus_2,1410,1901,+,
falcon_aviadenovirus,falcon_aviadenovirus_3,1982,2473,+,
falcon_aviadenovirus,falcon_aviadenovirus_4,2904,3713,+,
falcon_aviadenovirus,falcon_aviadenovirus_5,3727,4305,-,
falcon_aviadenovirus,falcon_aviadenovirus_6,4443,5288,-,
falcon_aviadenovirus,falcon_aviadenovirus_7,5266,6159,-,
falcon_aviadenovirus,falcon_aviadenovirus_8,6140,7330,-,
falcon_aviadenovirus,falcon_aviadenovirus_9,7296,11048,-,
falcon_aviadenovirus,falcon_aviadenovirus_10,11051,12856,-,
falcon_aviadenovirus,falcon_aviadenovirus_11,12961,14058,+,
falcon_aviadenovirus,falcon_aviadenovirus_12,14045,15787,+,
falcon_aviadenovirus,falcon_aviadenovirus_13,15826,17376,+,
falcon_aviadenovirus,falcon_aviadenovirus_14,17739,18290,+,
falcon_aviadenovirus,falcon_aviadenovirus_15,18363,19031,+,
falcon_aviadenovirus,falcon_aviadenovirus_16,19123,21936,+,
falcon_aviadenovirus,falcon_aviadenovirus_17,21946,22584,+,
falcon_aviadenovirus,falcon_aviadenovirus_18,22643,24103,-,
falcon_aviadenovirus,falcon_aviadenovirus_19,24376,27066,+,
falcon_aviadenovirus,falcon_aviadenovirus_20,27234,27518,+,
falcon_aviadenovirus,falcon_aviadenovirus_21,27544,28281,+,
falcon_aviadenovirus,falcon_aviadenovirus_22,28233,28544,-,
falcon_aviadenovirus,falcon_aviadenovirus_23,28543,28797,+,
falcon_aviadenovirus,falcon_aviadenovirus_24,28843,30495,+,
falcon_aviadenovirus,falcon_aviadenovirus_25,30540,31862,+,
falcon_aviadenovirus,falcon_aviadenovirus_26,31906,32487,-,
falcon_aviadenovirus,falcon_aviadenovirus_27,32505,32741,-,
falcon_aviadenovirus,falcon_aviadenovirus_28,32833,33618,-,
falcon_aviadenovirus,falcon_aviadenovirus_29,33739,33897,+,
falcon_aviadenovirus,falcon_aviadenovirus_30,34815,35747,+,
falcon_aviadenovirus,falcon_aviadenovirus_31,35996,36718,+,
falcon_aviadenovirus,falcon_aviadenovirus_32,37086,37211,-,
falcon_aviadenovirus,falcon_aviadenovirus_33,37281,38453,+,
fowl_aviadenovirus_b,fowl_aviadenovirus_b_1,556,822,+,
fowl_aviadenovirus_b,fowl_aviadenovirus_b_2,921,1403,+,
fowl_aviadenovirus_b,fowl_aviadenovirus_b_3,2135,2971,+,
fowl_aviadenovirus_b,fowl_aviadenovirus_b_4,2407,2661,-,
fowl_aviadenovirus_b,fowl_aviadenovirus_b_5,3049,3642,-,
fowl_aviadenovirus_b,fowl_aviadenovirus_b_6,4516,5313,-,
fowl_aviadenovirus_b,fowl_aviadenovirus_b_7,5489,6184,-,
fowl_aviadenovirus_b,fowl_aviadenovirus_b_8,6360,7565,-,
fowl_aviadenovirus_b,fowl_aviadenovirus_b_9,7573,11457,-,
fowl_aviadenovirus_b,fowl_aviadenovirus_b_10,11454,13598,-,
fowl_aviadenovirus_b,fowl_aviadenovirus_b_11,13517,14779,+,
fowl_aviadenovirus_b,fowl_aviadenovirus_b_12,14766,16559,+,
fowl_aviadenovirus_b,fowl_aviadenovirus_b_13,16771,18402,+,
fowl_aviadenovirus_b,fowl_aviadenovirus_b_14,18345,18797,-,
fowl_aviadenovirus_b,fowl_aviadenovirus_b_15,18943,19557,+,
fowl_aviadenovirus_b,fowl_aviadenovirus_b_16,19732,20427,+,
fowl_aviadenovirus_b,fowl_aviadenovirus_b_17,20519,23380,+,
fowl_aviadenovirus_b,fowl_aviadenovirus_b_18,23398,24021,+,
fowl_aviadenovirus_b,fowl_aviadenovirus_b_19,24157,25512,-,
fowl_aviadenovirus_b,fowl_aviadenovirus_b_20,25952,29356,+,
fowl_aviadenovirus_b,fowl_aviadenovirus_b_21,30029,30757,+,
fowl_aviadenovirus_b,fowl_aviadenovirus_b_22,30702,30995,-,
fowl_aviadenovirus_b,fowl_aviadenovirus_b_23,30994,32658,+,
fowl_aviadenovirus_b,fowl_aviadenovirus_b_24,32728,33318,-,
fowl_aviadenovirus_b,fowl_aviadenovirus_b_25,33929,34831,-,
fowl_aviadenovirus_b,fowl_aviadenovirus_b_26,35001,35363,+,
fowl_aviadenovirus_b,fowl_aviadenovirus_b_27,35070,37367,-,
fowl_aviadenovirus_b,fowl_aviadenovirus_b_28,39327,40163,+,
fowl_aviadenovirus_b,fowl_aviadenovirus_b_29,41203,41397,+,
fowl_aviadenovirus_b,fowl_aviadenovirus_b_30,42479,44971,+,
fowl_aviadenovirus_b,fowl_aviadenovirus_b_31,45097,45789,+,
frog_adv,frog_adv_1,630,983,+,
frog_adv,frog_adv_2,2270,3373,-,
frog_adv,frog_adv_3,3366,6692,-,
frog_adv,frog_adv_4,6692,8500,-,
frog_adv,frog_adv_5,8578,9471,+,
frog_adv,frog_adv_6,9461,10915,+,
frog_adv,frog_adv_7,10947,12284,+,
frog_adv,frog_adv_8,12281,12730,+,
frog_adv,frog_adv_9,12953,13606,+,
frog_adv,frog_adv_10,13614,16376,+,
frog_adv,frog_adv_11,16376,16990,+,
frog_adv,frog_adv_12,17028,18044,-,
frog_adv,frog_adv_13,18293,20188,+,
frog_adv,frog_adv_14,20625,21320,+,
frog_adv,frog_adv_15,21211,22128,+,
frog_adv,frog_adv_16,22107,22331,-,
frog_adv,frog_adv_17,22343,23632,+,
frog_adv,frog_adv_18,23711,24274,+,
frog_adv,frog_adv_19,24365,24919,-,
frog_adv,frog_adv_20,25068,25307,-,
human_adv_a,human_adv_a_1,503,1099,+,
human_adv_a,human_adv_a_2,1542,2033,+,
human_adv_a,human_adv_a_3,1847,3295,+,
human_adv_a,human_adv_a_4,3374,3808,+,
human_adv_a,human_adv_a_5,3844,5202,-,
human_adv_a,human_adv_a_6,4953,8138,-,
human_adv_a,human_adv_a_7,8312,10132,-,
human_adv_a,human_adv_a_8,10428,11549,+,
human_adv_a,human_adv_a_9,11570,13318,+,
human_adv_a,human_adv_a_10,13394,14887,+,
human_adv_a,human_adv_a_11,14902,15468,+,
human_adv_a,human_adv_a_12,15500,16543,+,
human_adv_a,human_adv_a_13,16568,16786,+,
human_adv_a,human_adv_a_14,16843,17640,+,
human_adv_a,human_adv_a_15,17740,20499,+,
human_adv_a,human_adv_a_16,20372,21145,+,
human_adv_a,human_adv_a_17,21215,22669,-,
human_adv_a,human_adv_a_18,22695,25043,+,
human_adv_a,human_adv_a_19,25202,25558,+,
human_adv_a,human_adv_a_20,25612,26313,+,
human_adv_a,human_adv_a_21,26313,26630,+,
human_adv_a,human_adv_a_22,26584,27378,+,
human_adv_a,human_adv_a_23,27381,28187,+,
human_adv_a,human_adv_a_24,28207,28482,+,
human_adv_a,human_adv_a_25,28479,28811,+,
human_adv_a,human_adv_a_26,28804,29190,+,
human_adv_a,human_adv_a_27,29200,29358,-,
human_adv_a,human_adv_a_28,29368,31131,+,
human_adv_a,human_adv_a_29,31183,31407,-,
human_adv_a,human_adv_a_30,31436,32311,-,
human_adv_a,human_adv_a_31,32244,32606,-,
human_adv_a,human_adv_a_32,32613,32963,-,
human_adv_a,human_adv_a_33,32960,33355,-,
human_adv_a,human_adv_a_34,33387,33770,-,
human_adv_a,human_adv_a_35,33772,34107,+,
human_adv_c,human_adv_c_1,424,669,-,
human_adv_c,human_adv_c_2,559,1119,+,
human_adv_c,human_adv_c_3,1194,1712,-,
human_adv_c,human_adv_c_4,1624,2238,+,
human_adv_c,human_adv_c_5,2016,3503,+,
human_adv_c,human_adv_c_6,3443,3655,-,
human_adv_c,human_adv_c_7,3600,4022,+,
human_adv_c,human_adv_c_8,4081,5439,-,
human_adv_c,human_adv_c_9,5187,8357,-,
human_adv_c,human_adv_c_10,8573,10534,-,
human_adv_c,human_adv_c_11,10744,11109,-,
human_adv_c,human_adv_c_12,11040,12287,+,
human_adv_c,human_adv_c_13,12308,14065,+,
human_adv_c,human_adv_c_14,14151,15866,+,
human_adv_c,human_adv_c_15,15873,16469,+,
human_adv_c,human_adv_c_16,16506,17648,+,
human_adv_c,human_adv_c_17,17676,17918,+,
human_adv_c,human_adv_c_18,18001,18753,+,
human_adv_c,human_adv_c_19,18838,21744,+,
human_adv_c,human_adv_c_20,21778,22392,+,
human_adv_c,human_adv_c_21,22490,24079,-,
human_adv_c,human_adv_c_22,23526,26525,+,
human_adv_c,human_adv_c_23,27215,27898,+,
human_adv_c,human_adv_c_24,27899,28222,+,
human_adv_c,human_adv_c_25,28812,29291,+,
human_adv_c,human_adv_c_26,29272,29571,+,
human_adv_c,human_adv_c_27,29468,29773,+,
human_adv_c,human_adv_c_28,29781,30056,+,
human_adv_c,human_adv_c_29,30059,30451,+,
human_adv_c,human_adv_c_30,30444,30830,+,
human_adv_c,human_adv_c_31,30973,32778,+,
human_adv_c,human_adv_c_32,33193,34077,-,
human_adv_c,human_adv_c_33,33956,34456,+,
human_adv_c,human_adv_c_34,33998,34342,-,
human_adv_c,human_adv_c_35,34356,34706,-,
human_adv_c,human_adv_c_36,34470,34808,+,
human_adv_c,human_adv_c_37,34703,35113,-,
human_adv_c,human_adv_c_38,35146,35532,-,
lizard_adv_2,lizard_adv_2_1,333,1400,-,
lizard_adv_2,lizard_adv_2_2,1415,1774,+,
lizard_adv_2,lizard_adv_2_3,1771,2169,+,
lizard_adv_2,lizard_adv_2_4,2211,3323,+,
lizard_adv_2,lizard_adv_2_5,3331,4590,-,
lizard_adv_2,lizard_adv_2_6,4401,7628,-,
lizard_adv_2,lizard_adv_2_7,7604,9355,-,
lizard_adv_2,lizard_adv_2_8,9440,10432,+,
lizard_adv_2,lizard_adv_2_9,10417,12246,+,
lizard_adv_2,lizard_adv_2_10,12294,13649,+,
lizard_adv_2,lizard_adv_2_11,13690,14076,+,
lizard_adv_2,lizard_adv_2_12,14112,14423,-,
lizard_adv_2,lizard_adv_2_13,14433,15113,+,
lizard_adv_2,lizard_adv_2_14,15135,17864,+,
lizard_adv_2,lizard_adv_2_15,17861,18466,+,
lizard_adv_2,lizard_adv_2_16,18473,19642,-,
lizard_adv_2,lizard_adv_2_17,19678,21705,+,
lizard_adv_2,lizard_adv_2_18,22052,22888,+,
lizard_adv_2,lizard_adv_2_19,22897,23073,-,
lizard_adv_2,lizard_adv_2_20,23088,24083,+,
lizard_adv_2,lizard_adv_2_21,24102,25403,+,
lizard_adv_2,lizard_adv_2_22,25381,26058,-,
lizard_adv_2,lizard_adv_2_23,26042,26680,-,
lizard_adv_2,lizard_adv_2_24,26671,27117,-,
lizard_adv_2,lizard_adv_2_25,27155,27460,-,
lizard_adv_2,lizard_adv_2_26,27453,28184,-,
lizard_adv_2,lizard_adv_2_27,28451,29698,-,
lizard_adv_2,lizard_adv_2_28,29726,30169,+,
lizard_adv_2,lizard_adv_2_29,30421,31836,-,
lizard_adv_2,lizard_adv_2_30,31940,32326,-,
lizard_adv_2,lizard_adv_2_31,32220,32498,+,
lizard_adv_2,lizard_adv_2_32,32446,32730,-,
lizard_adv_2,lizard_adv_2_33,32703,32927,-,
odocoileus_adv_1,odocoileus_adv_1_1,306,1445,+,
odocoileus_adv_1,odocoileus_adv_1_2,1484,2413,-,
odocoileus_adv_1,odocoileus_adv_1_3,2459,2851,+,
odocoileus_adv_1,odocoileus_adv_1_4,2870,3250,+,
odocoileus_adv_1,odocoileus_adv_1_5,3296,4441,+,
odocoileus_adv_1,odocoileus_adv_1_6,4485,5693,-,
odocoileus_adv_1,odocoileus_adv_1_7,5561,8788,-,
odocoileus_adv_1,odocoileus_adv_1_8,8770,10503,-,
odocoileus_adv_1,odocoileus_adv_1_9,10584,11597,+,
odocoileus_adv_1,odocoileus_adv_1_10,11582,13330,+,
odocoileus_adv_1,odocoileus_adv_1_11,13400,14752,+,
odocoileus_adv_1,odocoileus_adv_1_12,14796,15149,+,
odocoileus_adv_1,odocoileus_adv_1_13,15158,15385,+,
odocoileus_adv_1,odocoileus_adv_1_14,15414,16091,+,
odocoileus_adv_1,odocoileus_adv_1_15,16111,18843,+,
odocoileus_adv_1,odocoileus_adv_1_16,18840,19445,+,
odocoileus_adv_1,odocoileus_adv_1_17,19480,20637,-,
odocoileus_adv_1,odocoileus_adv_1_18,20661,22574,+,
odocoileus_adv_1,odocoileus_adv_1_19,22994,23674,+,
odocoileus_adv_1,odocoileus_adv_1_20,23695,23859,-,
odocoileus_adv_1,odocoileus_adv_1_21,23868,25289,+,
odocoileus_adv_1,odocoileus_adv_1_22,25267,25971,-,
odocoileus_adv_1,odocoileus_adv_1_23,25949,26608,-,
odocoileus_adv_1,odocoileus_adv_1_24,26608,27036,-,
odocoileus_adv_1,odocoileus_adv_1_25,27677,27925,+,
odocoileus_adv_1,odocoileus_adv_1_26,28388,29011,-,
odocoileus_adv_1,odocoileus_adv_1_27,29014,29472,-,
odocoileus_adv_1,odocoileus_adv_1_28,29818,30168,-,
odocoileus_adv_1,odocoileus_adv_1_29,30191,30394,+,
ovine_adv_7,ovine_adv_7_1,238,1098,-,
ovine_adv_7,ovine_adv_7_2,1143,1505,+,
ovine_adv_7,ovine_adv_7_3,1490,1873,+,
ovine_adv_7,ovine_adv_7_4,1916,3064,+,
ovine_adv_7,ovine_adv_7_5,3073,4056,-,
ovine_adv_7,ovine_adv_7_6,4152,7367,-,
ovine_adv_7,ovine_adv_7_7,7349,9274,-,
ovine_adv_7,ovine_adv_7_8,9159,10166,+,
ovine_adv_7,ovine_adv_7_9,10159,11865,+,
ovine_adv_7,ovine_adv_7_10,11911,13269,+,
ovine_adv_7,ovine_adv_7_11,13313,13648,+,
ovine_adv_7,ovine_adv_7_12,13669,13884,+,
ovine_adv_7,ovine_adv_7_13,13916,14581,+,
ovine_adv_7,ovine_adv_7_14,14601,17336,+,
ovine_adv_7,ovine_adv_7_15,17333,17938,+,
ovine_adv_7,ovine_adv_7_16,17966,19114,-,
ovine_adv_7,ovine_adv_7_17,19141,21018,+,
ovine_adv_7,ovine_adv_7_18,21425,22078,+,
ovine_adv_7,ovine_adv_7_19,22275,23906,+,
ovine_adv_7,ovine_adv_7_20,23853,24566,-,
ovine_adv_7,ovine_adv_7_21,24563,25225,-,
ovine_adv_7,ovine_adv_7_22,25225,25653,-,
ovine_adv_7,ovine_adv_7_23,26688,27203,-,
ovine_adv_7,ovine_adv_7_24,27244,27840,-,
ovine_adv_7,ovine_adv_7_25,27845,28279,-,
ovine_adv_7,ovine_adv_7_26,28245,28505,+,
ovine_adv_7,ovine_adv_7_27,28486,29016,-,
ovine_adv_7,ovine_adv_7_28,29130,29459,-,
passerine_adenovirus_1,passerine_adenovirus_1_1,250,1161,-,
passerine_adenovirus_1,passerine_adenovirus_1_2,1158,1442,-,
passerine_adenovirus_1,passerine_adenovirus_1_3,1175,1849,+,
passerine_adenovirus_1,passerine_adenovirus_1_4,1205,1567,-,
passerine_adenovirus_1,passerine_adenovirus_1_5,1911,4049,+,
passerine_adenovirus_1,passerine_adenovirus_1_6,4094,5482,-,
passerine_adenovirus_1,passerine_adenovirus_1_7,5164,8649,-,
passerine_adenovirus_1,passerine_adenovirus_1_8,8568,10208,-,
passerine_adenovirus_1,passerine_adenovirus_1_9,10547,11581,+,
passerine_adenovirus_1,passerine_adenovirus_1_10,11574,13259,+,
passerine_adenovirus_1,passerine_adenovirus_1_11,13405,14916,+,
passerine_adenovirus_1,passerine_adenovirus_1_12,14942,15289,+,
passerine_adenovirus_1,passerine_adenovirus_1_13,15432,15680,-,
passerine_adenovirus_1,passerine_adenovirus_1_14,15651,16403,+,
passerine_adenovirus_1,passerine_adenovirus_1_15,16421,19150,+,
passerine_adenovirus_1,passerine_adenovirus_1_16,19221,19901,+,
passerine_adenovirus_1,passerine_adenovirus_1_17,19999,21486,-,
passerine_adenovirus_1,passerine_adenovirus_1_18,21508,23607,+,
passerine_adenovirus_1,passerine_adenovirus_1_19,23653,24009,+,
passerine_adenovirus_1,passerine_adenovirus_1_20,24081,24380,-,
passerine_adenovirus_1,passerine_adenovirus_1_21,24379,25053,+,
passerine_adenovirus_1,passerine_adenovirus_1_22,25185,27509,+,
passerine_adenovirus_1,passerine_adenovirus_1_23,27555,28685,-,
passerine_adenovirus_1,passerine_adenovirus_1_24,28737,29360,-,
passerine_adenovirus_1,passerine_adenovirus_1_25,29299,30036,-,
passerine_adenovirus_1,passerine_adenovirus_1_26,30058,30513,-,
passerine_adenovirus_1,passerine_adenovirus_1_27,30907,31185,+,
passerine_adenovirus_1,passerine_adenovirus_1_28,31341,31958,-,
passerine_adenovirus_1,passerine_adenovirus_1_29,32271,32633,+,
passerine_adenovirus_1,passerine_adenovirus_1_30,32821,33408,+,
passerine_adenovirus_1,passerine_adenovirus_1_31,33347,33679,+,
passerine_adenovirus_1,passerine_adenovirus_1_32,33901,34446,-,
passerine_adenovirus_1,passerine_adenovirus_1_33,34604,35542,-,
passerine_adenovirus_1,passerine_adenovirus_1_34,35726,36634,-,
passerine_adenovirus_1,passerine_adenovirus_1_35,36677,37594,-,
passerine_adenovirus_1,passerine_adenovirus_1_36,37768,38757,-,
passerine_adenovirus_1,passerine_adenovirus_1_37,38767,39480,-,
psittacine_adv_3,psittacine_adv_3_1,293,1210,-,
psittacine_adv_3,psittacine_adv_3_2,1177,1713,+,
psittacine_adv_3,psittacine_adv_3_3,1702,2208,-,
psittacine_adv_3,psittacine_adv_3_4,2174,2536,+,
psittacine_adv_3,psittacine_adv_3_5,2772,6005,-,
psittacine_adv_3,psittacine_adv_3_6,5978,7765,-,
psittacine_adv_3,psittacine_adv_3_7,7863,8837,+,
psittacine_adv_3,psittacine_adv_3_8,8840,10519,+,
psittacine_adv_3,psittacine_adv_3_9,10550,11902,+,
psittacine_adv_3,psittacine_adv_3_10,11945,12406,+,
psittacine_adv_3,psittacine_adv_3_11,12215,12697,-,
psittacine_adv_3,psittacine_adv_3_12,12671,13300,+,
psittacine_adv_3,psittacine_adv_3_13,13321,16062,+,
psittacine_adv_3,psittacine_adv_3_14,16059,16667,+,
psittacine_adv_3,psittacine_adv_3_15,16672,17808,-,
psittacine_adv_3,psittacine_adv_3_16,17845,19812,+,
psittacine_adv_3,psittacine_adv_3_17,20144,20896,+,
psittacine_adv_3,psittacine_adv_3_18,20909,21073,-,
psittacine_adv_3,psittacine_adv_3_19,21143,22345,+,
psittacine_adv_3,psittacine_adv_3_20,22356,23816,+,
psittacine_adv_3,psittacine_adv_3_21,23818,24648,-,
psittacine_adv_3,psittacine_adv_3_22,24648,25331,-,
psittacine_adv_3,psittacine_adv_3_23,25347,25922,-,
psittacine_adv_3,psittacine_adv_3_24,25970,26170,-,
psittacine_adv_3,psittacine_adv_3_25,26235,26492,+,
psittacine_adv_3,psittacine_adv_3_26,26401,26970,+,
psittacine_adv_3,psittacine_adv_3_27,27242,27622,+,
psittacine_adv_3,psittacine_adv_3_28,27793,27978,+,
psittacine_adv_3,psittacine_adv_3_29,28029,28505,+,
psittacine_adv_3,psittacine_adv_3_30,28859,29419,-,
psittacine_adv_3,psittacine_adv_3_31,29445,30185,-,
psittacine_adv_3,psittacine_adv_3_32,30255,30983,-,
psittacine_adv_3,psittacine_adv_3_33,31100,31339,-,
psittacine_adv_3,psittacine_adv_3_34,31302,31514,-,
psittacine_adv_3,psittacine_adv_3_35,31458,31619,+,
red_eared_slider_adv_partial,red_eared_slider_adv_partial_1,288,3698,-,
red_eared_slider_adv_partial,red_eared_slider_adv_partial_2,3708,5603,-,
red_eared_slider_adv_partial,red_eared_slider_adv_partial_3,5769,7118,+,
red_eared_slider_adv_partial,red_eared_slider_adv_partial_4,7121,9514,+,
red_eared_slider_adv_partial,red_eared_slider_adv_partial_5,9566,10984,+,
red_eared_slider_adv_partial,red_eared_slider_adv_partial_6,11365,11643,+,
red_eared_slider_adv_partial,red_eared_slider_adv_partial_7,11750,12610,+,
red_eared_slider_adv_partial,red_eared_slider_adv_partial_8,12544,12765,+,
red_eared_slider_adv_partial,red_eared_slider_adv_partial_9,14171,14596,-,
snake_adv_1,snake_adv_1_1,38,238,+,
snake_adv_1,snake_adv_1_2,334,1365,-,
snake_adv_1,snake_adv_1_3,1381,1737,+,
snake_adv_1,snake_adv_1_4,1769,2353,-,
snake_adv_1,snake_adv_1_5,2169,3290,+,
snake_adv_1,snake_adv_1_6,3305,4078,-,
snake_adv_1,snake_adv_1_7,4080,4244,-,
snake_adv_1,snake_adv_1_8,4363,7620,-,
snake_adv_1,snake_adv_1_9,7596,9359,-,
snake_adv_1,snake_adv_1_10,9404,10411,+,
snake_adv_1,snake_adv_1_11,10396,12243,+,
snake_adv_1,snake_adv_1_12,12288,13640,+,
snake_adv_1,snake_adv_1_13,13681,14028,+,
snake_adv_1,snake_adv_1_14,14369,15040,+,
snake_adv_1,snake_adv_1_15,15063,17792,+,
snake_adv_1,snake_adv_1_16,17789,18394,+,
snake_adv_1,snake_adv_1_17,18409,19602,-,
snake_adv_1,snake_adv_1_18,19639,21678,+,
snake_adv_1,snake_adv_1_19,21809,22021,+,
snake_adv_1,snake_adv_1_20,22046,22882,+,
snake_adv_1,snake_adv_1_21,23099,24346,+,
snake_adv_1,snake_adv_1_22,24232,24885,-,
snake_adv_1,snake_adv_1_23,24869,25519,-,
snake_adv_1,snake_adv_1_24,25510,25959,-,
snake_adv_1,snake_adv_1_25,25992,26330,-,
snake_adv_1,snake_adv_1_26,26317,26523,-,
snake_adv_1,snake_adv_1_27,26607,27266,-,
snake_adv_1,snake_adv_1_28,27319,27651,+,
softshell_turtle,softshell_turtle_1,626,982,+,
softshell_turtle,softshell_turtle_2,2254,3357,-,
softshell_turtle,softshell_turtle_3,3350,6673,-,
softshell_turtle,softshell_turtle_4,6673,8478,-,
softshell_turtle,softshell_turtle_5,8556,9449,+,
softshell_turtle,softshell_turtle_6,9439,10887,+,
softshell_turtle,softshell_turtle_7,10919,12256,+,
softshell_turtle,softshell_turtle_8,12253,12702,+,
softshell_turtle,softshell_turtle_9,12734,12907,+,
softshell_turtle,softshell_turtle_10,12925,13578,+,
softshell_turtle,softshell_turtle_11,13586,16348,+,
softshell_turtle,softshell_turtle_12,16348,16962,+,
softshell_turtle,softshell_turtle_13,17008,18024,-,
softshell_turtle,softshell_turtle_14,18274,20169,+,
softshell_turtle,softshell_turtle_15,20723,21334,+,
softshell_turtle,softshell_turtle_16,21195,22100,+,
softshell_turtle,softshell_turtle_17,22079,22312,-,
softshell_turtle,softshell_turtle_18,22320,23609,+,
softshell_turtle,softshell_turtle_19,23688,24248,+,
softshell_turtle,softshell_turtle_20,24375,24932,-,
softshell_turtle,softshell_turtle_21,25119,25334,-,
tern_adv_1,tern_adv_1_1,236,1174,-,
tern_adv_1,tern_adv_1_2,1209,1625,+,
tern_adv_1,tern_adv_1_3,1656,2804,+,
tern_adv_1,tern_adv_1_4,2875,3768,-,
tern_adv_1,tern_adv_1_5,3945,7181,-,
tern_adv_1,tern_adv_1_6,7157,8899,-,
tern_adv_1,tern_adv_1_7,8985,9971,+,
tern_adv_1,tern_adv_1_8,9955,11664,+,
tern_adv_1,tern_adv_1_9,11704,13062,+,
tern_adv_1,tern_adv_1_10,13104,13559,+,
tern_adv_1,tern_adv_1_11,13568,13765,+,
tern_adv_1,tern_adv_1_12,13800,14435,+,
tern_adv_1,tern_adv_1_13,14456,17188,+,
tern_adv_1,tern_adv_1_14,17185,17790,+,
tern_adv_1,tern_adv_1_15,17809,18951,-,
tern_adv_1,tern_adv_1_16,19005,20924,+,
tern_adv_1,tern_adv_1_17,21323,22129,+,
tern_adv_1,tern_adv_1_18,22142,22306,-,
tern_adv_1,tern_adv_1_19,22324,24369,+,
tern_adv_1,tern_adv_1_20,24383,25273,-,
tern_adv_1,tern_adv_1_21,25221,26027,-,
tern_adv_1,tern_adv_1_22,25948,26385,-,
tern_adv_1,tern_adv_1_23,26628,26870,-,
tern_adv_1,tern_adv_1_24,26888,27451,-,
tern_adv_1,tern_adv_1_25,27508,27966,+,
tern_adv_1,tern_adv_1_26,28072,28359,+,
tern_adv_1,tern_adv_1_27,28366,28698,+,
tern_adv_1,tern_adv_1_28,28872,29558,-,
tern_adv_1,tern_adv_1_29,29658,30296,-,
tern_adv_1,tern_adv_1_30,30424,31146,+,
thrush_adv,thrush_adv_1,327,2501,-,
thrush_adv,thrush_adv_2,3131,4126,-,
thrush_adv,thrush_adv_3,4518,5903,+,
thrush_adv,thrush_adv_4,4554,5729,-,
thrush_adv,thrush_adv_5,5913,7112,-,
thrush_adv,thrush_adv_6,6980,10216,-,
thrush_adv,thrush_adv_7,10180,11730,-,
thrush_adv,thrush_adv_8,12051,13025,+,
thrush_adv,thrush_adv_9,13022,14731,+,
thrush_adv,thrush_adv_10,14778,16127,+,
thrush_adv,thrush_adv_11,16177,16647,+,
thrush_adv,thrush_adv_12,16887,17591,+,
thrush_adv,thrush_adv_13,17625,20363,+,
thrush_adv,thrush_adv_14,20360,20965,+,
thrush_adv,thrush_adv_15,20995,22137,-,
thrush_adv,thrush_adv_16,22168,24012,+,
thrush_adv,thrush_adv_17,24395,25153,+,
thrush_adv,thrush_adv_18,25176,25340,-,
thrush_adv,thrush_adv_19,25363,27309,+,
thrush_adv,thrush_adv_20,27327,28181,-,
thrush_adv,thrush_adv_21,28159,28914,-,
thrush_adv,thrush_adv_22,28907,29347,-,
thrush_adv,thrush_adv_23,29366,30175,-,
thrush_adv,thrush_adv_24,30692,31060,+,
thrush_adv,thrush_adv_25,31006,31539,+,
thrush_adv,thrush_adv_26,31561,32109,+,
thrush_adv,thrush_adv_27,32297,32695,+,
thrush_adv,thrush_adv_28,32649,33194,+,
thrush_adv,thrush_adv_29,33185,33772,+,
thrush_adv,thrush_adv_30,33729,34688,+,
turkey_adv_3,turkey_adv_3_1,206,1948,+,
turkey_adv_3,turkey_adv_3_2,1960,2307,+,
turkey_adv_3,turkey_adv_3_3,2329,3432,-,
turkey_adv_3,turkey_adv_3_4,3425,6763,-,
turkey_adv_3,turkey_adv_3_5,6760,8556,-,
turkey_adv_3,turkey_adv_3_6,8568,9470,+,
turkey_adv_3,turkey_adv_3_7,9460,10977,+,
turkey_adv_3,turkey_adv_3_8,10999,12345,+,
turkey_adv_3,turkey_adv_3_9,12685,12849,-,
turkey_adv_3,turkey_adv_3_10,12904,13599,+,
turkey_adv_3,turkey_adv_3_11,13608,16328,+,
turkey_adv_3,turkey_adv_3_12,16186,16974,+,
turkey_adv_3,turkey_adv_3_13,16971,18011,-,
turkey_adv_3,turkey_adv_3_14,18183,20225,+,
turkey_adv_3,turkey_adv_3_15,20767,21369,+,
turkey_adv_3,turkey_adv_3_16,21212,22114,+,
turkey_adv_3,turkey_adv_3_17,22258,22518,-,
turkey_adv_3,turkey_adv_3_18,22517,23881,+,
turkey_adv_3,turkey_adv_3_19,24534,25190,+,
turkey_adv_3,turkey_adv_3_20,25226,25723,-,
turkey_adv_3,turkey_adv_3_21,25693,25989,-,
turkey_adv_3,turkey_adv_3_22,26036,26269,-,
white_sturgeon_adv,white_sturgeon_adv_1,363,1580,+,
white_sturgeon_adv,white_sturgeon_adv_2,1610,3691,+,
white_sturgeon_adv,white_sturgeon_adv_3,3707,4924,+,
white_sturgeon_adv,white_sturgeon_adv_4,4966,7236,-,
white_sturgeon_adv,white_sturgeon_adv_5,7199,8404,-,
white_sturgeon_adv,white_sturgeon_adv_6,8411,11911,-,
white_sturgeon_adv,white_sturgeon_adv_7,11911,14100,-,
white_sturgeon_adv,white_sturgeon_adv_8,14090,15151,+,
white_sturgeon_adv,white_sturgeon_adv_9,15159,16868,+,
white_sturgeon_adv,white_sturgeon_adv_10,16897,18228,+,
white_sturgeon_adv,white_sturgeon_adv_11,18789,19502,+,
white_sturgeon_adv,white_sturgeon_adv_12,19512,22349,+,
white_sturgeon_adv,white_sturgeon_adv_13,22352,22960,+,
white_sturgeon_adv,white_sturgeon_adv_14,23006,23959,-,
white_sturgeon_adv,white_sturgeon_adv_15,24024,24257,+,
white_sturgeon_adv,white_sturgeon_adv_16,24401,26647,+,
white_sturgeon_adv,white_sturgeon_adv_17,26838,27095,-,
white_sturgeon_adv,white_sturgeon_adv_18,26914,27192,+,
white_sturgeon_adv,white_sturgeon_adv_19,27726,28829,+,
white_sturgeon_adv,white_sturgeon_adv_20,28883,29083,-,
white_sturgeon_adv,white_sturgeon_adv_21,29052,29282,-,
white_sturgeon_adv,white_sturgeon_adv_22,29365,29829,-,
white_sturgeon_adv,white_sturgeon_adv_23,30193,31332,-,
white_sturgeon_adv,white_sturgeon_adv_24,31293,31829,-,
white_sturgeon_adv,white_sturgeon_adv_25,31915,32445,-,
white_sturgeon_adv,white_sturgeon_adv_26,32551,33399,-,
white_sturgeon_adv,white_sturgeon_adv_27,33538,34779,-,
white_sturgeon_adv,white_sturgeon_adv_28,34788,34979,-,
white_sturgeon_adv,white_sturgeon_adv_29,35068,35469,-,
white_sturgeon_adv,white_sturgeon_adv_30,35446,35616,+,
white_sturgeon_adv,white_sturgeon_adv_31,35743,36174,-,
white_sturgeon_adv,white_sturgeon_adv_32,36335,36985,+,
white_sturgeon_adv,white_sturgeon_adv_33,36933,37757,+,
white_sturgeon_adv,white_sturgeon_adv_34,37857,38744,+,
white_sturgeon_adv,white_sturgeon_adv_35,38825,39619,-,
white_sturgeon_adv,white_sturgeon_adv_36,39923,40087,-,
white_sturgeon_adv,white_sturgeon_adv_37,40311,41417,+,
white_sturgeon_adv,white_sturgeon_adv_38,41540,42382,+,
white_sturgeon_adv,white_sturgeon_adv_39,42440,43258,-,
white_sturgeon_adv,white_sturgeon_adv_40,43421,43666,-,
white_sturgeon_adv,white_sturgeon_adv_41,43834,44967,+,
white_sturgeon_adv,white_sturgeon_adv_42,44992,45186,+,
white_sturgeon_adv,white_sturgeon_adv_43,45204,46337,+,
white_sturgeon_adv,white_sturgeon_adv_44,46724,46942,-,
white_sturgeon_adv,white_sturgeon_adv_45,47147,47338,-,
white_sturgeon_adv,white_sturgeon_adv_46,47337,47558,+,
white_sturgeon_adv,white_sturgeon_adv_47,47624,47833,+,
white_sturgeon_adv,white_sturgeon_adv_48,47842,48111,-,
white_sturgeon_adv,white_sturgeon_adv_49,48056,48238,-,
